ShortName,var,ll_comp,mean,median,q025,q975,q25,q75
CH,r0_left,d-deltah,2.430645552529635,2.427388395029439,2.207309343205527,2.668160236512334,2.3486883783772203,2.515836688750895
CH,r0_right,d-deltah,0.864811752679083,0.7802547401536042,0.586742377070292,1.8063966871248958,0.7171926972235578,0.8972552097354478
CH,r0change,d-deltah,0.35722616743459135,0.3221656055734896,0.23720037441731262,0.7437824951067756,0.29285793784130515,0.3721999151039233
CH,t1,d-deltah,11.784851811196488,11,7,19,10,14
CH,t1frac,d-deltah,0.911,0.911,0.911,0.911,0.911,0.911
